$$Email$LastName$FirstName,Email,FirstName,Id,LastName
Llorrac;Jake,,Jake,003Qy000008JhRYIA0,Llorrac
Nedaerk;Siddartha,,Siddartha,003Qy000008JhRXIA0,Nedaerk
a_young@dickenson.com;Young;Andy,a_young@dickenson.com,Andy,003Qy000008JhRJIA0,Young
agreen@uog.com;Green;Avi,agreen@uog.com,Avi,003Qy000008JhRWIA0,Green
ajames@uog.com;James;Ashley,ajames@uog.com,Ashley,003Qy000008JhRSIA0,James
asong@uog.com;Song;Arthur,asong@uog.com,Arthur,003Qy000008JhRRIA0,Song
b.levy@expressl&t.net;Levy;Babara,b.levy@expressl&t.net,Babara,003Qy000008JhROIA0,Levy
barr_tim@grandhotels.com;Barr;Tim,barr_tim@grandhotels.com,Tim,003Qy000008JhRKIA0,Barr
bmarji@integratedpayorsolutions.com;Marji;Bassem,bmarji@integratedpayorsolutions.com,Bassem,003Qy00000ByUo7IAF,Marji
bond_john@grandhotels.com;Bond;John,bond_john@grandhotels.com,John,003Qy000008JhRLIA0,Bond
efrank@genepoint.com;Frank;Edna,efrank@genepoint.com,Edna,003Qy000008JhRVIA0,Frank
j.davis@expressl&t.net;Davis;Josh,j.davis@expressl&t.net,Josh,003Qy000008JhRPIA0,Davis
jane_gray@uoa.edu;Grey;Jane,jane_gray@uoa.edu,Jane,003Qy000008JhRQIA0,Grey
jrogers@burlington.com;Rogers;Jack,jrogers@burlington.com,Jack,003Qy000008JhRHIA0,Rogers
lboyle@uog.com;Boyle;Lauren,lboyle@uog.com,Lauren,003Qy000008JhRNIA0,Boyle
ldcruz@uog.com;D'Cruz;Liz,ldcruz@uog.com,Liz,003Qy000008JhRUIA0,D'Cruz
pat@pyramid.net;Stumuller;Pat,pat@pyramid.net,Pat,003Qy000008JhRIIA0,Stumuller
rose@edge.com;Gonzalez;Rose,rose@edge.com,Rose,003Qy000008JhRFIA0,Gonzalez
sean@edge.com;Forbes;Sean,sean@edge.com,Sean,003Qy000008JhRGIA0,Forbes
spavlova@uog.com;Pavlova;Stella,spavlova@uog.com,Stella,003Qy000008JhRMIA0,Pavlova
tripley@uog.com;Ripley;Tom,tripley@uog.com,Tom,003Qy000008JhRTIA0,Ripley
